VA-WHS - PERSONAL HEALTH INVENTORY,VA-HEALTH AND WELL BEING [C],351370,202161
[Inactive] VA-WHS - MAP TO THE MAP,VA-HEALTH AND WELL BEING [C],93939,43464
[Inactive] VA-PHP PERSONAL DEVELOPMENT UPDATE,VA-PHP GOAL UPDATE [C],4544,2219
[Inactive] VA-PHP SUPPORT WELL BEING TEAM,VA-PHP [C],2872,1015
[Inactive] VA-PHP POWER/MIND UPDATE,VA-PHP GOAL UPDATE [C],4011,1507
VA-WHS-AFHS-PATIENT PRIORITIES FOLLOW-UP,VA-HEALTH AND WELL BEING [C],92254,41832
VA-PHP MAP,VA-PHP [C],9722315,3560762
VA-WHS - RELAXATION TECHNIQUES,VA-HEALTH AND WELL BEING [C],580620,142007
VA-WHS - EXPRESSIVE ARTS,VA-HEALTH AND WELL BEING [C],332069,48463
VA-PHI PROFESSIONAL CARE TO BE,VA-PERSONAL HEALTH INVENTORY [C],75890,68966
VA-PHP MY GOAL,VA-PHP,827,781
[Inactive] VA-PHP PERSONAL DEVELOPMENT,VA-PHP,1,1
VA-WHS - YOGA,VA-HEALTH AND WELL BEING [C],311236,48836
VA-WHS-AGE-FRIENDLY-MENTATION-DEPRESSION,VA-HEALTH AND WELL BEING [C],358988,128556
VA-PHI WORKING THE BODY NOW,VA-PERSONAL HEALTH INVENTORY [C],100074,83126
[Inactive] VA-PHP POWER/MIND,VA-PHP [C],86127,30948
VA-WHS - QI GONG,VA-HEALTH AND WELL BEING [C],129979,19381
VA-PHI SPIRIT AND SOUL NOW,VA-PERSONAL HEALTH INVENTORY [C],108647,78720
[Inactive] VA-WHS-AGE-FRIENDLY MEDICATION,VA-HEALTH AND WELL BEING [C],73699,18695
[Inactive] VA-PHP FAMILY/FRIENDS UPDATE,VA-PHP GOAL UPDATE [C],3087,1439
[Inactive] VA-PHP SUPPORT WHOLE HEALTH COACH,VA-PHP,5,5
[Inactive] VA-PHP PREV/SCREENING,VA-PHP,1,1
[Inactive] VA-PHP HEALTH CONCERNS,VA-PHP [C],379649,160543
VA-PHI DAY TO DAY LIFE WHY,VA-PERSONAL HEALTH INVENTORY [C],208694,128068
VA-WHS - INTRODUCTION TO WHOLE HEALTH,VA-HEALTH AND WELL BEING [C],266689,213486
VA-WHS - FUNCTIONAL NUTRITION,VA-HEALTH AND WELL BEING [C],101872,39675
VA-WHS - REIKI,VA-HEALTH AND WELL BEING [C],13589,3011
VA-PHI SPIRIT AND SOUL TO BE,VA-PERSONAL HEALTH INVENTORY [C],81297,73921
VA-PHI REFLECTIONS AREAS TO WORK ON,VA-PERSONAL HEALTH INVENTORY [C],78273,68667
VA-WHS - YOGA THERAPY,VA-HEALTH AND WELL BEING [C],11808,2078
[Inactive] VA-PHP SUPPORT FAMILY,VA-PHP,6,6
[Inactive] VA-PHP POWER/MIND,VA-PHP,2,2
VA-WHS - INTEGRATIVE HEALTH,VA-HEALTH AND WELL BEING [C],1034028,298624
VA-PHI WORKING THE BODY TO BE,VA-PERSONAL HEALTH INVENTORY [C],93564,82342
VA-PHI FOOD AND DRINK NOW,VA-PERSONAL HEALTH INVENTORY [C],91005,81008
VA-PHI DAY TO DAY LIFE,VA-PERSONAL HEALTH INVENTORY [C],216656,130981
[Inactive] VA-PHP PERSONAL DEVELOPMENT,VA-PHP [C],77163,26450
VA-PHI FAMILY AND FRIENDS NOW,VA-PERSONAL HEALTH INVENTORY [C],84376,75154
[Inactive] VA-WHS - PERSONAL HEALTH PLANNING,VA-HEALTH AND WELL BEING [C],100377,57848
VA-PHI POWER OF MIND NOW,VA-PERSONAL HEALTH INVENTORY [C],93187,78726
VA-WHS - ACUPRESSURE,VA-HEALTH AND WELL BEING [C],48770,14470
VA-PHI SURROUNDINGS TO BE,VA-PERSONAL HEALTH INVENTORY [C],81264,73994
VA-WHS - WHOLE HEALTH COACHING,VA-HEALTH AND WELL BEING [C],767646,200701
VA-WHS - TAKING CHARGE LIFE AND HEALTH,VA-HEALTH AND WELL BEING [C],108377,30018
VA-WHS - THERAPEUTIC OR HEALING TOUCH,VA-HEALTH AND WELL BEING [C],49005,9480
VA-PHP SURROUNDINGS UPDATE,VA-PHP GOAL UPDATE [C],1036,544
[Inactive] VA-PHP NEXT STEPS,VA-PHP,950,767
VA-WHS - WHOLE HEALTH EDUCATION,VA-HEALTH AND WELL BEING [C],3047362,931782
[Inactive] VA-PHP STRENGTHS,VA-PHP [C],68642,37636
VA-WHS - MINDFULNESS BASED STRESS REDUCE,VA-HEALTH AND WELL BEING [C],142357,40030
VA-WHS - TAI CHI,VA-HEALTH AND WELL BEING [C],322983,46746
[Inactive] VA-WHS-AGE-FRIENDLY-4MS,VA-HEALTH AND WELL BEING [C],63547,12398
VA-PHI RECHARGE TO BE,VA-PERSONAL HEALTH INVENTORY [C],89353,79890
[Inactive] VA-PHP FOOD/DRINK UPDATE,VA-PHP GOAL UPDATE [C],9871,3725
[Inactive] VA-PHP FAMILY/FRIENDS,VA-PHP [C],61105,26761
[Inactive] VA-PHP SUPPORT WHOLE HEALTH PARTNER,VA-PHP [C],29785,26967
VA-WHS - NATIVE AMERICAN HEALING,VA-HEALTH AND WELL BEING [C],3023,737
[Inactive] VA-PHP SUPPORT TEAM,VA-PHP [C],6034,3796
[Inactive] VA-PHP STRENGTHS,VA-PHP,224,218
[Inactive] VA-PHP FOOD/DRINK,VA-PHP,5,5
[Inactive] VA-PHP FOOD/DRINK UPDATE,VA-PHP GOAL UPDATE,1,1
VA-PHI PHYSICAL WELL BEING WHY,VA-PERSONAL HEALTH INVENTORY [C],219331,136625
VA-PHP SHARED GOALS,VA-PHP [C],2521816,1335572
VA-WHS-AGE-FRIENDLY-WHAT MATTERS,VA-HEALTH AND WELL BEING [C],783265,221497
VA-PHI POWER OF MIND TO BE,VA-PERSONAL HEALTH INVENTORY [C],87602,78118
[Inactive] VA-PHP TREATMENT,VA-PHP [C],112402,43570
[Inactive] VA-PHP SUPPORT CLINICAL TEAM,VA-PHP [C],10463,7504
[Inactive] VA-PHP TREATMENT,VA-PHP,1693,886
VA-WHS-AGE-FRIENDLY-MOBILITY,VA-HEALTH AND WELL BEING [C],575089,162633
VA-PHP MY GOAL UPDATE,VA-PHP GOAL UPDATE [C],518776,137708
VA-WHS - BFA,VA-HEALTH AND WELL BEING [C],464977,111009
[Inactive] VA-PHP NEXT STEPS,VA-PHP [C],153176,56737
VA-PHI REFLECTIONS VISION BEST SELF,VA-PERSONAL HEALTH INVENTORY [C],75751,68329
VA-WHS - GUIDED IMAGERY,VA-HEALTH AND WELL BEING [C],183059,52426
[Inactive] VA-PHP COMMUNITY,VA-PHP [C],27350,12637
[Inactive] VA-PHP SUPPORT CLINICAL TEAM,VA-PHP,1,1
VA-WHS - MEDITATION,VA-HEALTH AND WELL BEING [C],421037,86498
[Inactive] VA-PHP FOOD/DRINK,VA-PHP [C],95156,39774
[Inactive] VA-PHP MOVING THE BODY,VA-PHP [C],154501,56536
VA-PHI RECHARGE NOW,VA-PERSONAL HEALTH INVENTORY [C],91595,80072
VA-PHI PROFESSIONAL CARE NOW,VA-PERSONAL HEALTH INVENTORY [C],83030,68880
VA-PHI SURROUNDINGS NOW,VA-PERSONAL HEALTH INVENTORY [C],81655,74071
[Inactive] VA-PHP MOVING THE BODY UPDATE,VA-PHP GOAL UPDATE [C],13369,4834
VA-WHS - NADA,VA-HEALTH AND WELL BEING [C],61563,13296
[Inactive] VA-PHP REFERRAL/CONSULT,VA-PHP,1061,664
[Inactive] VA-PHP SPIRIT AND SOUL,VA-PHP,1,1
[Inactive] VA-PHP PREV/SCREENING,VA-PHP [C],601707,254063
VA-WHS - AROMATHERAPY,VA-HEALTH AND WELL BEING [C],128275,43522
[Inactive] VA-PHP SUPPORT FAMILY,VA-PHP [C],28066,15711
VA-WHS - BIOFEEDBACK,VA-HEALTH AND WELL BEING [C],40923,13907
[Inactive] VA-PHP CHALLENGES,VA-PHP [C],111738,63591
[Inactive] VA-PHP SUPPORT WHOLE HEALTH COACH,VA-PHP [C],103672,30302
[Inactive] VA-PHP CHALLENGES,VA-PHP,235,229
[Inactive] VA-PHP MOVING THE BODY,VA-PHP,9,9
VA-WHS-AGE-FRIENDLY-MENTATION-DEMENTIA,VA-HEALTH AND WELL BEING [C],326886,123002
VA-PHI PERSONAL DEVELOPMENT TO BE,VA-PERSONAL HEALTH INVENTORY [C],97026,80568
VA-PHI FOOD AND DRINK TO BE,VA-PERSONAL HEALTH INVENTORY [C],90970,81187
[Inactive] VA-PHP RECHARGE,VA-PHP [C],46617,23461
VA-PHI MENTAL/EMOTIONAL WELL BEING WHY,VA-PERSONAL HEALTH INVENTORY [C],208122,129630
VA-WHS-AGE-FRIENDLY-MENTATION-DELIRIUM,VA-HEALTH AND WELL BEING [C],350294,110492
[Inactive] VA-PHP RECHARGE UPDATE,VA-PHP GOAL UPDATE [C],2274,1016
VA-WHS - REFLEXOLOGY,VA-HEALTH AND WELL BEING [C],2816,1618
[Inactive] VA-PHP SUPPORT WELL BEING TEAM,VA-PHP,1,1
[Inactive] VA-PHP REFERRAL/CONSULT,VA-PHP [C],91308,62747
VA-PHP MY GOAL,VA-PHP [C],1503050,595307
[Inactive] VA-PHP SPIRIT AND SOUL,VA-PHP [C],128870,42295
VA-WHS-AGE-FRIENDLY-MEDICATION,VA-HEALTH AND WELL BEING [C],569395,167011
[Inactive] VA-PHP SURROUNDINGS,VA-PHP [C],47380,21706
VA-PHI PHYSICAL WELL BEING,VA-PERSONAL HEALTH INVENTORY [C],229670,139068
VA-WHS - HYPNOSIS,VA-HEALTH AND WELL BEING [C],36209,13342
VA-WHS - BAA,VA-HEALTH AND WELL BEING [C],36911,13186
VA-PHP MY GOAL UPDATE,VA-PHP GOAL UPDATE,39,24
[Inactive] VA-PHP COMMUNITY,VA-PHP,3,3
VA-PHI MENTAL/EMOTIONAL WELL BEING,VA-PERSONAL HEALTH INVENTORY [C],217501,131087
VA-WHS - MINDFULNESS OTHER THAN MBSR,VA-HEALTH AND WELL BEING [C],765393,157992
VA-PHI PERSONAL DEVELOPMENT NOW,VA-PERSONAL HEALTH INVENTORY [C],97916,80739
[Inactive] VA-WHS-AGE-FRIENDLY-MENTATION,VA-HEALTH AND WELL BEING [C],59336,15585
[Inactive] VA-PHP SUPPORT FRIENDS,VA-PHP [C],13008,7089
[Inactive] VA-PHP SPIRIT AND SOUL UPDATE,VA-PHP GOAL UPDATE [C],1589,751
[Inactive] VA-PHP SUPPORT FRIENDS,VA-PHP,2,2
VA-WHS-AFHS-IDENTIFY PATIENT PRIORITIES,VA-HEALTH AND WELL BEING [C],360714,111477
VA-WHS - MY STORY,VA-HEALTH AND WELL BEING [C],28198,11739
[Inactive] VA-PHP RESOURCES,VA-PHP [C],122657,80211
VA-PHI FAMILY AND FRIENDS TO BE,VA-PERSONAL HEALTH INVENTORY [C],82354,74952
[Inactive] VA-PHP MINDFUL AWARENESS,VA-PHP [C],48552,18851
[Inactive] VA-WHS - CHANGING THE CONVERSATION,VA-HEALTH AND WELL BEING [C],63818,34869
[Inactive] VA-PHP MINDFUL AWARENESS,VA-PHP,4,4
[Inactive] VA-PHP MOVING THE BODY UPDATE,VA-PHP GOAL UPDATE,1,1
